ID,SPECIES,FAMILY,REFERENCE,,,
PD_0001,Cheracebus_lugens,Pitheciidae,Pithecia_pithecia,,,
PD_0002,Callibella_humilis,Callitrichidae,Callithrix_jacchus,,,
PD_0003,Cacajao_hosomi,Pitheciidae,Pithecia_pithecia,,,
PD_0004,Ateles_belzebuth,Atelidae,Ateles_geoffroyi,,,
PD_0005,Alouatta_macconnelli,Atelidae,Ateles_geoffroyi,,,
PD_0006,Chiropotes_israelita,Pitheciidae,Pithecia_pithecia,,,
PD_0007,Cebus_olivaceus,Cebidae,Cebus_albifrons,,,
PD_0008,Aotus_trivirgatus,Aotidae,Aotus_nancymaae,,,
PD_0009,Saguinus_inustus,Callitrichidae,Saguinus_midas,,,
PD_0010,Cebuella_niveiventris,Callitrichidae,Callithrix_jacchus,,,
PD_0011,Sapajus_macrocephalus,Cebidae,Cebus_albifrons,,,
PD_0012,Saimiri_ustus,Cebidae,Cebus_albifrons,,,
PD_0013,Cebus_unicolor,Cebidae,Cebus_albifrons,,,
PD_0014,Plecturocebus_cupreus,Pitheciidae,Pithecia_pithecia,,,
PD_0015,Pithecia_vanzolinii,Pitheciidae,Pithecia_pithecia,,,
PD_0016,Lagothrix_lagothricha,Atelidae,Ateles_geoffroyi,,,
PD_0017,Leontocebus_nigricollis,Callitrichidae,Saguinus_midas,,,
PD_0018,Cacajao_melanocephalus,Pitheciidae,Pithecia_pithecia,,,
PD_0019,Cacajao_ayresi,Pitheciidae,Pithecia_pithecia,,,
PD_0020,Cacajao_calvus,Pitheciidae,Pithecia_pithecia,,,
PD_0021,Cacajao_calvus,Pitheciidae,Pithecia_pithecia,,,
PD_0022,Cacajao_ayresi,Pitheciidae,Pithecia_pithecia,,,
PD_0023,Cacajao_calvus,Pitheciidae,Pithecia_pithecia,,,
PD_0024,Cacajao_calvus,Pitheciidae,Pithecia_pithecia,,,
PD_0025,Alouatta_seniculus,Atelidae,Ateles_geoffroyi,,,
PD_0026,Alouatta_puruensis,Atelidae,Ateles_geoffroyi,,,
PD_0027,Alouatta_discolor,Atelidae,Ateles_geoffroyi,,,
PD_0028,Allenopithecus_nigroviridis,Cercopithecidae,Chlorocebus_aethiops,,,
PD_0029,Allochrocebus_lhoesti,Cercopithecidae,Chlorocebus_aethiops,,,
PD_0030,Allochrocebus_preussi,Cercopithecidae,Chlorocebus_aethiops,,,
PD_0031,Allochrocebus_solatus,Cercopithecidae,Chlorocebus_aethiops,,,
PD_0032,Cercopithecus_ascanius,Cercopithecidae,Cercopithecus_albogularis,,,
PD_0033,Cercopithecus_nictitans,Cercopithecidae,Cercopithecus_albogularis,,,
PD_0034,Erythrocebus_patas,Cercopithecidae,Erythrocebus_patas,,,
PD_0035,Hylobates_klossii,Hylobatidae,Nomascus_siki,,,
PD_0036,Hylobates_abbotti,Hylobatidae,Nomascus_siki,,,
PD_0037,Nomascus_concolor,Hylobatidae,Nomascus_siki,,,
PD_0038,Presbytis_mitrata,Cercopithecidae,Rhinopithecus_roxellana,,,
PD_0039,Piliocolobus_badius,Cercopithecidae,Rhinopithecus_roxellana,,,
PD_0040,Lophocebus_aterrimus,Cercopithecidae,Mandrillus_sphinx,,,
PD_0041,Cercopithecus_cephus,Cercopithecidae,Cercopithecus_albogularis,,,
PD_0042,Cercopithecus_mona,Cercopithecidae,Cercopithecus_albogularis,,,
PD_0043,Cercopithecus_lowei,Cercopithecidae,Cercopithecus_albogularis,,,
PD_0044,Macaca_siberu,Cercopithecidae,Macaca_mulatta,,,
PD_0045,Piliocolobus_gordonorum,Cercopithecidae,Rhinopithecus_roxellana,,,
PD_0046,Piliocolobus_kirkii,Cercopithecidae,Rhinopithecus_roxellana,,,
PD_0047,Piliocolobus_tephrosceles,Cercopithecidae,Rhinopithecus_roxellana,,,
PD_0048,Trachypithecus_crepusculus,Cercopithecidae,Rhinopithecus_roxellana,,,
PD_0049,Hylobates_muelleri,Hylobatidae,Nomascus_siki,,,
PD_0050,Hylobates_agilis,Hylobatidae,Nomascus_siki,,,
PD_0051,Nomascus_gabriellae,Hylobatidae,Nomascus_siki,,,
PD_0052,Presbytis_comata,Cercopithecidae,Rhinopithecus_roxellana,,,
PD_0053,Trachypithecus_auratus,Cercopithecidae,Rhinopithecus_roxellana,,,
PD_0054,Trachypithecus_francoisi,Cercopithecidae,Rhinopithecus_roxellana,,,
PD_0055,Colobus_polykomos,Cercopithecidae,Colobus_guereza,,,
PD_0056,Colobus_guereza,Cercopithecidae,Colobus_guereza,,,
PD_0057,Mandrillus_sphinx,Cercopithecidae,Mandrillus_sphinx,,,
PD_0058,Cercopithecus_neglectus,Cercopithecidae,Cercopithecus_albogularis,,,
PD_0059,Cercopithecus_diana,Cercopithecidae,Cercopithecus_albogularis,,,
PD_0060,Cercopithecus_hamlyni,Cercopithecidae,Cercopithecus_albogularis,,,
PD_0061,Cercopithecus_mitis,Cercopithecidae,Cercopithecus_albogularis,,,
PD_0062,Erythrocebus_patas,Cercopithecidae,Erythrocebus_patas,,,
PD_0063,Semnopithecus_vetulus,Cercopithecidae,Rhinopithecus_roxellana,,,
PD_0064,Trachypithecus_obscurus,Cercopithecidae,Rhinopithecus_roxellana,,,
PD_0065,Semnopithecus_johnii,Cercopithecidae,Rhinopithecus_roxellana,,,
PD_0066,Cercopithecus_ascanius,Cercopithecidae,Cercopithecus_albogularis,,,
PD_0067,Theropithecus_gelada,Cercopithecidae,Theropithecus_gelada,,,
PD_0068,Cercocebus_chrysogaster,Cercopithecidae,Cercocebus_atys,,,
PD_0069,Nasalis_larvatus,Cercopithecidae,Rhinopithecus_roxellana,,,
PD_0070,Macaca_maura,Cercopithecidae,Macaca_mulatta,,,
PD_0071,Macaca_arctoides,Cercopithecidae,Macaca_mulatta,,,
PD_0072,Alouatta_seniculus,Atelidae,Ateles_geoffroyi,,,
PD_0073,Alouatta_caraya,Atelidae,Ateles_geoffroyi,,,
PD_0074,Ateles_chamek,Atelidae,Ateles_geoffroyi,,,
PD_0075,Ateles_paniscus,Atelidae,Ateles_geoffroyi,,,
PD_0076,Ateles_marginatus,Atelidae,Ateles_geoffroyi,,,
PD_0077,Cebus_unicolor,Cebidae,Cebus_albifrons,,,
PD_0078,Cebus_albifrons,Cebidae,Cebus_albifrons,,,
PD_0079,Cebus_olivaceus,Cebidae,Cebus_albifrons,,,
PD_0080,Chiropotes_albinasus,Pitheciidae,Pithecia_pithecia,,,
PD_0081,Chiropotes_sagulatus,Pitheciidae,Pithecia_pithecia,,,
PD_0082,Chiropotes_sagulatus,Pitheciidae,Pithecia_pithecia,,,
PD_0083,Pithecia_pissinattii,Pitheciidae,Pithecia_pithecia,,,
PD_0084,Pithecia_chrysocephala,Pitheciidae,Pithecia_pithecia,,,
PD_0085,Pithecia_hirsuta,Pitheciidae,Pithecia_pithecia,,,
PD_0086,Pithecia_mittermeieri,Pitheciidae,Pithecia_pithecia,,,
PD_0087,Pithecia_albicans,Pitheciidae,Pithecia_pithecia,,,
PD_0088,Cacajao_calvus,Pitheciidae,Pithecia_pithecia,,,
PD_0089,Alouatta_macconnelli,Atelidae,Ateles_geoffroyi,,,
PD_0090,Cercopithecus_nictitans,Cercopithecidae,Cercopithecus_albogularis,,,
PD_0091,Cercopithecus_petaurista,Cercopithecidae,Cercopithecus_albogularis,,,
PD_0092,Cercopithecus_pogonias,Cercopithecidae,Cercopithecus_albogularis,,,
PD_0093,Cercopithecus_roloway,Cercopithecidae,Cercopithecus_albogularis,,,
PD_0094,Cercopithecus_cephus,Cercopithecidae,Cercopithecus_albogularis,,,
PD_0095,Cercopithecus_cephus,Cercopithecidae,Cercopithecus_albogularis,,,
PD_0096,Cercopithecus_mitis,Cercopithecidae,Cercopithecus_albogularis,,,
PD_0097,Macaca_leonina,Cercopithecidae,Macaca_mulatta,,,
PD_0098,Hylobates_lar,Hylobatidae,Nomascus_siki,,,
PD_0099,Nomascus_siki,Hylobatidae,Nomascus_siki,,,
PD_0100,Semnopithecus_priam,Cercopithecidae,Rhinopithecus_roxellana,,,
PD_0101,Trachypithecus_cristatus,Cercopithecidae,Rhinopithecus_roxellana,,,
PD_0102,Semnopithecus_entellus,Cercopithecidae,Rhinopithecus_roxellana,,,
PD_0103,Pygathrix_nemaeus,Cercopithecidae,Rhinopithecus_roxellana,,,
PD_0104,Pygathrix_nemaeus,Cercopithecidae,Rhinopithecus_roxellana,,,
PD_0105,Pygathrix_nemaeus,Cercopithecidae,Rhinopithecus_roxellana,,,
PD_0106,Pygathrix_cinerea,Cercopithecidae,Rhinopithecus_roxellana,,,
PD_0107,Pygathrix_cinerea,Cercopithecidae,Rhinopithecus_roxellana,,,
PD_0108,Pygathrix_cinerea,Cercopithecidae,Rhinopithecus_roxellana,,,
PD_0109,Pygathrix_cinerea,Cercopithecidae,Rhinopithecus_roxellana,,,
PD_0110,Nycticebus_pygmaeus,Lorisidae,Nycticebus_pygmaeus,,,
PD_0111,Nycticebus_pygmaeus,Lorisidae,Nycticebus_pygmaeus,,,
PD_0112,Pygathrix_nigripes,Cercopithecidae,Rhinopithecus_roxellana,,,
PD_0113,Pygathrix_nigripes,Cercopithecidae,Rhinopithecus_roxellana,,,
PD_0114,Pygathrix_nigripes,Cercopithecidae,Rhinopithecus_roxellana,,,
PD_0115,Pygathrix_nigripes,Cercopithecidae,Rhinopithecus_roxellana,,,
PD_0116,Callimico_goeldii,Callitrichidae,Callithrix_jacchus,,,
PD_0117,Mico_argentatus,Callitrichidae,Callithrix_jacchus,,,
PD_0118,Leontocebus_illigeri,Callitrichidae,Saguinus_midas,,,
PD_0119,Saguinus_imperator,Callitrichidae,Saguinus_midas,,,
PD_0120,Saguinus_labiatus,Callitrichidae,Saguinus_midas,,,
PD_0121,Saguinus_midas,Callitrichidae,Saguinus_midas,,,
PD_0122,Saguinus_oedipus,Callitrichidae,Saguinus_midas,,,
PD_0123,Leontocebus_fuscicollis,Callitrichidae,Saguinus_midas,,,
PD_0124,Miopithecus_ogouensis,Cercopithecidae,Cercopithecus_albogularis,,,
PD_0125,Cercocebus_lunulatus,Cercopithecidae,Cercocebus_atys,,,
PD_0126,Allenopithecus_nigroviridis,Cercopithecidae,Chlorocebus_aethiops,,,
PD_0127,Allochrocebus_lhoesti,Cercopithecidae,Chlorocebus_aethiops,,,
PD_0128,Cacajao_melanocephalus,Pitheciidae,Pithecia_pithecia,,,
PD_0129,Cacajao_hosomi,Pitheciidae,Pithecia_pithecia,,,
PD_0130,Cacajao_calvus,Pitheciidae,Pithecia_pithecia,,,
PD_0131,Cacajao_ayresi,Pitheciidae,Pithecia_pithecia,,,
PD_0132,Cacajao_calvus,Pitheciidae,Pithecia_pithecia,,,
PD_0133,Cacajao_calvus,Pitheciidae,Pithecia_pithecia,,,
PD_0134,Alouatta_seniculus,Atelidae,Ateles_geoffroyi,,,
PD_0135,Alouatta_macconnelli,Atelidae,Ateles_geoffroyi,,,
PD_0136,Alouatta_seniculus,Atelidae,Ateles_geoffroyi,,,
PD_0137,Alouatta_puruensis,Atelidae,Ateles_geoffroyi,,,
PD_0138,Ateles_belzebuth,Atelidae,Ateles_geoffroyi,,,
PD_0139,Ateles_chamek,Atelidae,Ateles_geoffroyi,,,
PD_0140,Ateles_chamek,Atelidae,Ateles_geoffroyi,,,
PD_0141,Cebus_albifrons,Cebidae,Cebus_albifrons,,,
PD_0142,Chiropotes_albinasus,Pitheciidae,Pithecia_pithecia,,,
PD_0143,Pithecia_hirsuta,Pitheciidae,Pithecia_pithecia,,,
PD_0144,Pithecia_pissinattii,Pitheciidae,Pithecia_pithecia,,,
PD_0145,Arctocebus_calabarensis,Lorisidae,Nycticebus_pygmaeus,,,
PD_0146,Avahi_laniger,Indriidae,Propithecus_coquereli,,,
PD_0147,Avahi_peyrierasi,Indriidae,Propithecus_coquereli,,,
PD_0148,Daubentonia_madagascariensis,Daubentoniidae,Daubentonia_madagascariensis,,,
PD_0149,Eulemur_albifrons,Lemuridae,Lemur_catta,,,
PD_0150,Eulemur_collaris,Lemuridae,Lemur_catta,,,
PD_0151,Eulemur_coronatus,Lemuridae,Lemur_catta,,,
PD_0152,Eulemur_flavifrons,Lemuridae,Lemur_catta,,,
PD_0153,Eulemur_macaco,Lemuridae,Lemur_catta,,,
PD_0154,Eulemur_sanfordi,Lemuridae,Lemur_catta,,,
PD_0155,Galago_moholi,Galagidae,Galago_moholi,,,
PD_0156,Galago_senegalensis,Galagidae,Galago_moholi,,,
PD_0157,Hapalemur_gilberti,Lemuridae,Lemur_catta,,,
PD_0158,Hapalemur_griseus,Lemuridae,Lemur_catta,,,
PD_0159,Hapalemur_meridionalis,Lemuridae,Lemur_catta,,,
PD_0160,Hapalemur_occidentalis,Lemuridae,Lemur_catta,,,
PD_0161,Lepilemur_septentrionalis,Lepilemuridae,Microcebus_murinus,,,
PD_0162,Mico_argentatus,Callitrichidae,Callithrix_jacchus,,,
PD_0163,Mirza_zaza,Cheirogaleidae,Microcebus_murinus,,,
PD_0164,Nomascus_annamensis,Hylobatidae,Nomascus_siki,,,
PD_0165,Perodicticus_ibeanus,Lorisidae,Nycticebus_pygmaeus,,,
PD_0166,Prolemur_simus,Lemuridae,Lemur_catta,,,
PD_0167,Propithecus_coronatus,Indriidae,Propithecus_coquereli,,,
PD_0168,Propithecus_diadema,Indriidae,Propithecus_coquereli,,,
PD_0169,Propithecus_edwardsi,Indriidae,Propithecus_coquereli,,,
PD_0170,Propithecus_perrieri,Indriidae,Propithecus_coquereli,,,
PD_0171,Propithecus_tattersalli,Indriidae,Propithecus_coquereli,,,
PD_0172,Propithecus_verreauxi,Indriidae,Propithecus_coquereli,,,
PD_0173,Chlorocebus_pygerythrus,Cercopithecidae,Chlorocebus_aethiops,,,
PD_0174,Saguinus_geoffroyi,Callitrichidae,Saguinus_midas,,,
PD_0175,Alouatta_palliata,Atelidae,Ateles_geoffroyi,,,
PD_0176,Saimiri_oerstedii,Cebidae,Cebus_albifrons,,,
PD_0177,Ateles_geoffroyi,Atelidae,Ateles_geoffroyi,,,
PD_0179,Gorilla_beringei,Hominidae,Gorilla_gorilla,,,
PD_0180,Gorilla_gorilla,Hominidae,Gorilla_gorilla,,,
PD_0181,Gorilla_gorilla,Hominidae,Gorilla_gorilla,,,
PD_0182,Gorilla_gorilla,Hominidae,Gorilla_gorilla,,,
PD_0183,Gorilla_gorilla,Hominidae,Gorilla_gorilla,,,
PD_0184,Gorilla_gorilla,Hominidae,Gorilla_gorilla,,,
PD_0185,Gorilla_gorilla,Hominidae,Gorilla_gorilla,,,
PD_0186,Gorilla_gorilla,Hominidae,Gorilla_gorilla,,,
PD_0187,Gorilla_gorilla,Hominidae,Gorilla_gorilla,,,
PD_0188,Gorilla_gorilla,Hominidae,Gorilla_gorilla,,,
PD_0189,Gorilla_gorilla,Hominidae,Gorilla_gorilla,,,
PD_0190,Gorilla_gorilla,Hominidae,Gorilla_gorilla,,,
PD_0191,Gorilla_gorilla,Hominidae,Gorilla_gorilla,,,
PD_0192,Gorilla_gorilla,Hominidae,Gorilla_gorilla,,,
PD_0193,Gorilla_gorilla,Hominidae,Gorilla_gorilla,,,
PD_0194,Gorilla_gorilla,Hominidae,Gorilla_gorilla,,,
PD_0195,Gorilla_gorilla,Hominidae,Gorilla_gorilla,,,
PD_0196,Gorilla_gorilla,Hominidae,Gorilla_gorilla,,,
PD_0197,Gorilla_gorilla,Hominidae,Gorilla_gorilla,,,
PD_0198,Gorilla_gorilla,Hominidae,Gorilla_gorilla,,,
PD_0199,Papio_anubis,Cercopithecidae,Macaca_mulatta,,,
PD_0200,Papio_anubis,Cercopithecidae,Macaca_mulatta,,,
PD_0201,Papio_anubis,Cercopithecidae,Macaca_mulatta,,,
PD_0202,Papio_anubis,Cercopithecidae,Macaca_mulatta,,,
PD_0203,Papio_anubis,Cercopithecidae,Macaca_mulatta,,,
PD_0204,Papio_anubis,Cercopithecidae,Macaca_mulatta,,,
PD_0205,Papio_anubis,Cercopithecidae,Macaca_mulatta,,,
PD_0206,Papio_anubis,Cercopithecidae,Macaca_mulatta,,,
PD_0207,Papio_anubis,Cercopithecidae,Macaca_mulatta,,,
PD_0208,Papio_anubis,Cercopithecidae,Macaca_mulatta,,,
PD_0209,Papio_anubis,Cercopithecidae,Macaca_mulatta,,,
PD_0210,Papio_anubis,Cercopithecidae,Macaca_mulatta,,,
PD_0211,Papio_anubis,Cercopithecidae,Macaca_mulatta,,,
PD_0212,Papio_anubis,Cercopithecidae,Macaca_mulatta,,,
PD_0213,Papio_cynocephalus,Cercopithecidae,Macaca_mulatta,,,
PD_0214,Papio_cynocephalus,Cercopithecidae,Macaca_mulatta,,,
PD_0215,Papio_cynocephalus,Cercopithecidae,Macaca_mulatta,,,
PD_0216,Papio_cynocephalus,Cercopithecidae,Macaca_mulatta,,,
PD_0217,Papio_cynocephalus,Cercopithecidae,Macaca_mulatta,,,
PD_0218,Papio_anubis,Cercopithecidae,Macaca_mulatta,,,
PD_0219,Papio_anubis,Cercopithecidae,Macaca_mulatta,,,
PD_0220,Papio_anubis,Cercopithecidae,Macaca_mulatta,,,
PD_0221,Papio_anubis,Cercopithecidae,Macaca_mulatta,,,
PD_0222,Papio_anubis,Cercopithecidae,Macaca_mulatta,,,
PD_0223,Papio_cynocephalus,Cercopithecidae,Macaca_mulatta,,,
PD_0224,Papio_cynocephalus,Cercopithecidae,Macaca_mulatta,,,
PD_0225,Papio_cynocephalus,Cercopithecidae,Macaca_mulatta,,,
PD_0226,Papio_cynocephalus,Cercopithecidae,Macaca_mulatta,,,
PD_0227,Papio_cynocephalus,Cercopithecidae,Macaca_mulatta,,,
PD_0228,Papio_cynocephalus,Cercopithecidae,Macaca_mulatta,,,
PD_0229,Papio_cynocephalus,Cercopithecidae,Macaca_mulatta,,,
PD_0230,Papio_cynocephalus,Cercopithecidae,Macaca_mulatta,,,
PD_0231,Papio_cynocephalus,Cercopithecidae,Macaca_mulatta,,,
PD_0232,Papio_cynocephalus,Cercopithecidae,Macaca_mulatta,,,
PD_0233,Papio_cynocephalus,Cercopithecidae,Macaca_mulatta,,,
PD_0234,Papio_cynocephalus,Cercopithecidae,Macaca_mulatta,,,
PD_0235,Papio_cynocephalus,Cercopithecidae,Macaca_mulatta,,,
PD_0236,Papio_cynocephalus,Cercopithecidae,Macaca_mulatta,,,
PD_0237,Papio_cynocephalus,Cercopithecidae,Macaca_mulatta,,,
PD_0238,Papio_anubis,Cercopithecidae,Macaca_mulatta,,,
PD_0239,Papio_anubis,Cercopithecidae,Macaca_mulatta,,,
PD_0240,Papio_anubis,Cercopithecidae,Macaca_mulatta,,,
PD_0241,Papio_anubis,Cercopithecidae,Macaca_mulatta,,,
PD_0242,Papio_anubis,Cercopithecidae,Macaca_mulatta,,,
PD_0243,Papio_anubis,Cercopithecidae,Macaca_mulatta,,,
PD_0244,Papio_anubis,Cercopithecidae,Macaca_mulatta,,,
PD_0245,Lepilemur_ankaranensis,Lepilemuridae,Microcebus_murinus,,,
PD_0246,Lepilemur_dorsalis,Lepilemuridae,Microcebus_murinus,,,
PD_0247,Eulemur_collaris,Lemuridae,Lemur_catta,,,
PD_0248,Lepilemur_ankaranensis,Lepilemuridae,Microcebus_murinus,,,
PD_0249,Lepilemur_ruficaudatus,Lepilemuridae,Microcebus_murinus,,,
PD_0250,Lepilemur_septentrionalis,Lepilemuridae,Microcebus_murinus,,,
PD_0251,Propithecus_diadema,Indriidae,Propithecus_coquereli,,,
PD_0252,Propithecus_perrieri,Indriidae,Propithecus_coquereli,,,
PD_0253,Pygathrix_cinerea,Cercopithecidae,Rhinopithecus_roxellana,,,
PD_0254,Pygathrix_nemaeus,Cercopithecidae,Rhinopithecus_roxellana,,,
PD_0255,Pygathrix_nemaeus,Cercopithecidae,Rhinopithecus_roxellana,,,
PD_0256,Cercocebus_torquatus,Cercopithecidae,Cercocebus_atys,,,
PD_0257,Pan_troglodytes,Hominidae,Pan_troglodytes,,,
PD_0258,Pan_troglodytes,Hominidae,Pan_troglodytes,,,
PD_0259,Pan_troglodytes,Hominidae,Pan_troglodytes,,,
PD_0260,Gorilla_gorilla,Hominidae,Gorilla_gorilla,,,
PD_0261,Macaca_mulatta,Cercopithecidae,Macaca_mulatta,,,
PD_0262,Pongo_pygmaeus,Hominidae,Pongo_abelii,,,
PD_0263,Pongo_abelii,Hominidae,Pongo_abelii,,,
PD_0264,Gorilla_gorilla,Hominidae,Gorilla_gorilla,,,
PD_0265,Papio_anubis,Cercopithecidae,Papio_anubis,,,
PD_0266,Papio_anubis,Cercopithecidae,Papio_anubis,,,
PD_0267,Papio_anubis,Cercopithecidae,Papio_anubis,,,
PD_0268,Papio_cynocephalus,Cercopithecidae,Papio_anubis,,,
PD_0269,Papio_cynocephalus,Cercopithecidae,Papio_anubis,,,
PD_0270,Papio_cynocephalus,Cercopithecidae,Papio_anubis,,,
PD_0271,Papio_cynocephalus,Cercopithecidae,Papio_anubis,,,
PD_0272,Papio_cynocephalus,Cercopithecidae,Papio_anubis,,,
PD_0273,Plecturocebus_bernhardi,Pitheciidae,Pithecia_pithecia,,,
PD_0274,Plecturocebus_brunneus,Pitheciidae,Pithecia_pithecia,,,
PD_0275,Plecturocebus_caligatus,Pitheciidae,Pithecia_pithecia,,,
PD_0276,Plecturocebus_cinerascens,Pitheciidae,Pithecia_pithecia,,,
PD_0277,Plecturocebus_dubius,Pitheciidae,Pithecia_pithecia,,,
PD_0278,Plecturocebus_grovesi,Pitheciidae,Pithecia_pithecia,,,
PD_0279,Plecturocebus_hoffmannsi,Pitheciidae,Pithecia_pithecia,,,
PD_0280,Plecturocebus_miltoni,Pitheciidae,Pithecia_pithecia,,,
PD_0281,Mico_argentatus,Callitrichidae,Callithrix_jacchus,,,
PD_0282,Mico_humeralifer,Callitrichidae,Callithrix_jacchus,,,
PD_0283,Mico_schneideri,Callitrichidae,Callithrix_jacchus,,,
PD_0284,Cheracebus_regulus,Pitheciidae,Pithecia_pithecia,,,
PD_0285,Cheracebus_torquatus,Cercopithecidae,Pithecia_pithecia,,,
PD_0286,Aotus_vociferans,Aotidae,Aotus_nancymaae,,,
PD_0287,Cebuella_niveiventris,Callitrichidae,Callithrix_jacchus,,,
PD_0288,Cheracebus_lucifer,Pitheciidae,Pithecia_pithecia,,,
PD_0289,Cacajao_calvus,Pitheciidae,Pithecia_pithecia,,,
PD_0290,Cacajao_calvus,Pitheciidae,Pithecia_pithecia,,,
PD_0291,Cacajao_calvus,Pitheciidae,Pithecia_pithecia,,,
PD_0292,Cacajao_calvus,Pitheciidae,Pithecia_pithecia,,,
PD_0293,Leontopithecus_rosalia,Callitrichidae,Callithrix_jacchus,,,
PD_0294,Alouatta_belzebul,Atelidae,Ateles_geoffroyi,,,
PD_0295,Alouatta_discolor,Atelidae,Ateles_geoffroyi,,,
PD_0296,Alouatta_nigerrima,Atelidae,Ateles_geoffroyi,,,
PD_0297,Alouatta_seniculus,Atelidae,Ateles_geoffroyi,,,
PD_0298,Alouatta_seniculus,Atelidae,Ateles_geoffroyi,,,
PD_0299,Alouatta_caraya,Atelidae,Ateles_geoffroyi,,,
PD_0300,Ateles_chamek,Atelidae,Ateles_geoffroyi,,,
PD_0301,Ateles_chamek,Atelidae,Ateles_geoffroyi,,,
PD_0302,Ateles_chamek,Atelidae,Ateles_geoffroyi,,,
PD_0303,Ateles_chamek,Atelidae,Ateles_geoffroyi,,,
PD_0304,Ateles_paniscus,Atelidae,Ateles_geoffroyi,,,
PD_0305,Ateles_chamek,Atelidae,Ateles_geoffroyi,,,
PD_0306,Cacajao_calvus,Pitheciidae,Pithecia_pithecia,,,
PD_0307,Cacajao_calvus,Pitheciidae,Pithecia_pithecia,,,
PD_0308,Cacajao_calvus,Pitheciidae,Pithecia_pithecia,,,
PD_0309,Cebuella_pygmaea,Callitrichidae,Callithrix_jacchus,,,
PD_0310,Cebus_unicolor,Cebidae,Cebus_albifrons,,,
PD_0311,Cebus_unicolor,Cebidae,Cebus_albifrons,,,
PD_0312,Cheracebus_lucifer,Pitheciidae,Pithecia_pithecia,,,
PD_0313,Cheracebus_lucifer,Pitheciidae,Pithecia_pithecia,,,
PD_0314,Cheracebus_lucifer,Pitheciidae,Pithecia_pithecia,,,
PD_0315,Cheracebus_lugens,Pitheciidae,Pithecia_pithecia,,,
PD_0316,Cheracebus_lugens,Pitheciidae,Pithecia_pithecia,,,
PD_0317,Cheracebus_lugens,Pitheciidae,Pithecia_pithecia,,,
PD_0318,Cheracebus_lugens,Pitheciidae,Pithecia_pithecia,,,
PD_0319,Cheracebus_lugens,Pitheciidae,Pithecia_pithecia,,,
PD_0320,Cheracebus_lugens,Pitheciidae,Pithecia_pithecia,,,
PD_0321,Cheracebus_lugens,Pitheciidae,Pithecia_pithecia,,,
PD_0322,Cheracebus_regulus,Pitheciidae,Pithecia_pithecia,,,
PD_0323,Chiropotes_albinasus,Pitheciidae,Pithecia_pithecia,,,
PD_0324,Chiropotes_albinasus,Pitheciidae,Pithecia_pithecia,,,
PD_0325,Chiropotes_albinasus,Pitheciidae,Pithecia_pithecia,,,
PD_0326,Chiropotes_israelita,Pitheciidae,Pithecia_pithecia,,,
PD_0327,Chiropotes_israelita,Pitheciidae,Pithecia_pithecia,,,
PD_0328,Chiropotes_israelita,Pitheciidae,Pithecia_pithecia,,,
PD_0329,Chiropotes_sagulatus,Pitheciidae,Pithecia_pithecia,,,
PD_0330,Chiropotes_sagulatus,Pitheciidae,Pithecia_pithecia,,,
PD_0331,Pithecia_pissinattii,Pitheciidae,Pithecia_pithecia,,,
PD_0332,Plecturocebus_bernhardi,Pitheciidae,Pithecia_pithecia,,,
PD_0333,Plecturocebus_bernhardi,Pitheciidae,Pithecia_pithecia,,,
PD_0334,Plecturocebus_brunneus,Pitheciidae,Pithecia_pithecia,,,
PD_0335,Plecturocebus_caligatus,Pitheciidae,Pithecia_pithecia,,,
PD_0336,Plecturocebus_caligatus,Pitheciidae,Pithecia_pithecia,,,
PD_0337,Plecturocebus_cinerascens,Pitheciidae,Pithecia_pithecia,,,
PD_0338,Plecturocebus_cupreus,Pitheciidae,Pithecia_pithecia,,,
PD_0339,Plecturocebus_cupreus,Pitheciidae,Pithecia_pithecia,,,
PD_0340,Plecturocebus_cupreus,Pitheciidae,Pithecia_pithecia,,,
PD_0341,Plecturocebus_cupreus,Pitheciidae,Pithecia_pithecia,,,
PD_0342,Plecturocebus_dubius,Pitheciidae,Pithecia_pithecia,,,
PD_0343,Plecturocebus_dubius,Pitheciidae,Pithecia_pithecia,,,
PD_0344,Plecturocebus_moloch,Pitheciidae,Pithecia_pithecia,,,
PD_0345,Chiropotes_albinasus,Pitheciidae,Pithecia_pithecia,,,
PD_0346,Saguinus_bicolor,Callitrichidae,Saguinus_midas,,,
PD_0347,Leontocebus_fuscicollis,Callitrichidae,Saguinus_midas,,,
PD_0348,Saguinus_labiatus,Callitrichidae,Saguinus_midas,,,
PD_0349,Saguinus_midas,Callitrichidae,Saguinus_midas,,,
PD_0350,Saguinus_midas,Callitrichidae,Saguinus_midas,,,
PD_0351,Saguinus_mystax,Callitrichidae,Saguinus_midas,,,
PD_0352,Leontocebus_fuscicollis,Callitrichidae,Saguinus_midas,,,
PD_0353,Saimiri_cassiquiarensis,Cebidae,Cebus_albifrons,,,
PD_0354,Saimiri_cassiquiarensis,Cebidae,Cebus_albifrons,,,
PD_0355,Saimiri_cassiquiarensis,Cebidae,Cebus_albifrons,,,
PD_0356,Saimiri_cassiquiarensis,Cebidae,Cebus_albifrons,,,
PD_0357,Saimiri_cassiquiarensis,Cebidae,Cebus_albifrons,,,
PD_0358,Saimiri_cassiquiarensis,Cebidae,Cebus_albifrons,,,
PD_0359,Saimiri_cassiquiarensis,Cebidae,Cebus_albifrons,,,
PD_0360,Saimiri_cassiquiarensis,Cebidae,Cebus_albifrons,,,
PD_0361,Saimiri_macrodon,Cebidae,Cebus_albifrons,,,
PD_0362,Saimiri_macrodon,Cebidae,Cebus_albifrons,,,
PD_0363,Saimiri_ustus,Cebidae,Cebus_albifrons,,,
PD_0364,Saimiri_sciureus,Cebidae,Cebus_albifrons,,,
PD_0365,Saimiri_sciureus,Cebidae,Cebus_albifrons,,,
PD_0366,Saimiri_ustus,Cebidae,Cebus_albifrons,,,
PD_0367,Saimiri_ustus,Cebidae,Cebus_albifrons,,,
PD_0368,Saimiri_ustus,Cebidae,Cebus_albifrons,,,
PD_0369,Saimiri_ustus,Cebidae,Cebus_albifrons,,,
PD_0370,Saimiri_ustus,Cebidae,Cebus_albifrons,,,
PD_0371,Saimiri_ustus,Cebidae,Cebus_albifrons,,,
PD_0372,Saimiri_macrodon,Cebidae,Cebus_albifrons,,,
PD_0373,Saimiri_cassiquiarensis,Cebidae,Cebus_albifrons,,,
PD_0374,Saimiri_ustus,Cebidae,Cebus_albifrons,,,
PD_0375,Saimiri_ustus,Cebidae,Cebus_albifrons,,,
PD_0376,Sapajus_apella,Cebidae,Sapajus_apella,,,
PD_0377,Sapajus_apella,Cebidae,Sapajus_apella,,,
PD_0378,Sapajus_macrocephalus,Cebidae,Sapajus_apella,,,
PD_0379,Sapajus_macrocephalus,Cebidae,Sapajus_apella,,,
PD_0380,Sapajus_apella,Cebidae,Sapajus_apella,,,
PD_0381,Sapajus_macrocephalus,Cebidae,Sapajus_apella,,,
PD_0382,Sapajus_macrocephalus,Cebidae,Sapajus_apella,,,
PD_0383,Sapajus_macrocephalus,Cebidae,Sapajus_apella,,,
PD_0384,Sapajus_macrocephalus,Cebidae,Sapajus_apella,,,
PD_0385,Sapajus_macrocephalus,Cebidae,Sapajus_apella,,,
PD_0386,Sapajus_macrocephalus,Cebidae,Sapajus_apella,,,
PD_0387,Sapajus_macrocephalus,Cebidae,Sapajus_apella,,,
PD_0388,Sapajus_macrocephalus,Cebidae,Sapajus_apella,,,
PD_0389,Sapajus_macrocephalus,Cebidae,Sapajus_apella,,,
PD_0390,Papio_papio,Cercopithecidae,Macaca_mulatta,,,
PD_0391,Papio_papio,Cercopithecidae,Macaca_mulatta,,,
PD_0392,Papio_papio,Cercopithecidae,Macaca_mulatta,,,
PD_0393,Papio_papio,Cercopithecidae,Macaca_mulatta,,,
PD_0394,Papio_papio,Cercopithecidae,Macaca_mulatta,,,
PD_0395,Papio_papio,Cercopithecidae,Macaca_mulatta,,,
PD_0396,Papio_papio,Cercopithecidae,Macaca_mulatta,,,
PD_0397,Papio_papio,Cercopithecidae,Macaca_mulatta,,,
PD_0398,Papio_papio,Cercopithecidae,Macaca_mulatta,,,
PD_0399,Papio_papio,Cercopithecidae,Macaca_mulatta,,,
PD_0400,Papio_papio,Cercopithecidae,Macaca_mulatta,,,
PD_0401,Papio_papio,Cercopithecidae,Macaca_mulatta,,,
PD_0402,Cebus_albifrons,Cebidae,Cebus_albifrons,,,
PD_0403,Tarsius_dentatus,Tarsiidae,NA,,,
PD_0404,Tarsius_lariang,Tarsiidae,Carlito_syrichta,,,
PD_0405,Tarsius_wallacei,Tarsiidae,Carlito_syrichta,,,
PD_0406,Cercopithecus_ascanius,Cercopithecidae,Cercopithecus_albogularis,,,
PD_0407,Cercopithecus_neglectus,Cercopithecidae,Cercopithecus_albogularis,,,
PD_0408,Cercocebus_torquatus,Cercopithecidae,Cercocebus_atys,,,
PD_0409,Chiropotes_albinasus,Pitheciidae,Pithecia_pithecia,,,
PD_0410,Cercopithecus_ascanius,Cercopithecidae,Cercopithecus_albogularis,,,
PD_0411,Leontopithecus_rosalia,Callitrichidae,Callithrix_jacchus,,,
PD_0412,Alouatta_seniculus,Atelidae,Ateles_geoffroyi,,,
PD_0413,Alouatta_seniculus,Atelidae,Ateles_geoffroyi,,,
PD_0414,Alouatta_seniculus,Atelidae,Ateles_geoffroyi,,,
PD_0415,Alouatta_nigerrima,Atelidae,Ateles_geoffroyi,,,
PD_0416,Alouatta_macconnelli,Atelidae,Ateles_geoffroyi,,,
PD_0417,Alouatta_macconnelli,Atelidae,Ateles_geoffroyi,,,
PD_0418,Alouatta_seniculus,Atelidae,Ateles_geoffroyi,,,
PD_0419,Alouatta_puruensis,Atelidae,Ateles_geoffroyi,,,
PD_0420,Alouatta_juara,Atelidae,Ateles_geoffroyi,,,
PD_0421,Alouatta_juara,Atelidae,Ateles_geoffroyi,,,
PD_0422,Alouatta_seniculus,Atelidae,Ateles_geoffroyi,,,
PD_0423,Alouatta_seniculus,Atelidae,Ateles_geoffroyi,,,
PD_0424,Alouatta_seniculus,Atelidae,Ateles_geoffroyi,,,
PD_0425,Alouatta_seniculus,Atelidae,Ateles_geoffroyi,,,
PD_0426,Alouatta_puruensis,Atelidae,Ateles_geoffroyi,,,
PD_0427,Pan_troglodytes,Hominidae,Pan_troglodytes,,,
PD_0428,Alouatta_seniculus,Atelidae,Ateles_geoffroyi,,,
PD_0429,Alouatta_puruensis,Atelidae,Ateles_geoffroyi,,,
PD_0430,Alouatta_puruensis,Atelidae,Ateles_geoffroyi,,,
PD_0431,Ateles_chamek,Atelidae,Ateles_geoffroyi,,,
PD_0432,Ateles_chamek,Atelidae,Ateles_geoffroyi,,,
PD_0433,Ateles_chamek,Atelidae,Ateles_geoffroyi,,,
PD_0434,Cacajao_calvus,Pitheciidae,Pithecia_pithecia,,,
PD_0435,Cacajao_calvus,Pitheciidae,Pithecia_pithecia,,,
PD_0436,Cacajao_calvus,Pitheciidae,Pithecia_pithecia,,,
PD_0437,Cacajao_calvus,Pitheciidae,Pithecia_pithecia,,,
PD_0520,Hoolock_hoolock,Hylobatidae,Nomascus_siki,,,
PD_0521,Hoolock_hoolock,Hylobatidae,Nomascus_siki,,,
PD_0522,Hoolock_hoolock,Hylobatidae,Nomascus_siki,,,
PD_0523,Hoolock_hoolock,Hylobatidae,Nomascus_siki,,,
PD_0524,Hoolock_hoolock,Hylobatidae,Nomascus_siki,,,
PD_0525,Hoolock_hoolock,Hylobatidae,Nomascus_siki,,,
PD_0526,Macaca_assamensis,Cercopithecidae,Macaca_mulatta,,,
PD_0527,Hoolock_hoolock,Hylobatidae,Nomascus_siki,,,
PD_0528,Hoolock_hoolock,Hylobatidae,Nomascus_siki,,,
PD_0529,Hoolock_hoolock,Hylobatidae,Nomascus_siki,,,
PD_0530,Hoolock_hoolock,Hylobatidae,Nomascus_siki,,,
PD_0531,Loris_lydekkerianus,Lorisidae,Loris_tardigradus,,,
PD_0532,Loris_lydekkerianus,Lorisidae,Loris_tardigradus,,,
PD_0533,Macaca_arctoides,Cercopithecidae,Macaca_mulatta,,,
PD_0534,Macaca_arctoides,Cercopithecidae,Macaca_mulatta,,,
PD_0535,Macaca_arctoides,Cercopithecidae,Macaca_mulatta,,,
PD_0536,Macaca_arctoides,Cercopithecidae,Macaca_mulatta,,,
PD_0537,Hoolock_hoolock,Hylobatidae,Nomascus_siki,,,
PD_0538,Macaca_fascicularis,Cercopithecidae,Macaca_mulatta,,,
PD_0539,Macaca_fascicularis,Cercopithecidae,Macaca_mulatta,,,
PD_0540,Macaca_leonina,Cercopithecidae,Macaca_mulatta,,,
PD_0541,Macaca_leonina,Cercopithecidae,Macaca_mulatta,,,
PD_0542,Macaca_leonina,Cercopithecidae,Macaca_mulatta,,,
PD_0543,Macaca_leonina,Cercopithecidae,Macaca_mulatta,,,
PD_0544,Macaca_leonina,Cercopithecidae,Macaca_mulatta,,,
PD_0545,Macaca_leonina,Cercopithecidae,Macaca_mulatta,,,
PD_0546,Macaca_mulatta,Cercopithecidae,Macaca_mulatta,,,
PD_0547,Macaca_mulatta,Cercopithecidae,Macaca_mulatta,,,
PD_0548,Macaca_mulatta,Cercopithecidae,Macaca_mulatta,,,
PD_0549,Macaca_mulatta,Cercopithecidae,Macaca_mulatta,,,
PD_0550,Macaca_mulatta,Cercopithecidae,Macaca_mulatta,,,
PD_0551,Macaca_mulatta,Cercopithecidae,Macaca_mulatta,,,
PD_0552,Macaca_radiata,Cercopithecidae,Macaca_mulatta,,,
PD_0553,Macaca_radiata,Cercopithecidae,Macaca_mulatta,,,
PD_0554,Macaca_radiata,Cercopithecidae,Macaca_mulatta,,,
PD_0555,Macaca_radiata,Cercopithecidae,Macaca_mulatta,,,
PD_0556,Macaca_radiata,Cercopithecidae,Macaca_mulatta,,,
PD_0557,Macaca_radiata,Cercopithecidae,Macaca_mulatta,,,
PD_0558,Macaca_radiata,Cercopithecidae,Macaca_mulatta,,,
PD_0559,Macaca_radiata,Cercopithecidae,Macaca_mulatta,,,
PD_0560,Macaca_radiata,Cercopithecidae,Macaca_mulatta,,,
PD_0561,Macaca_radiata,Cercopithecidae,Macaca_mulatta,,,
PD_0562,Macaca_radiata,Cercopithecidae,Macaca_mulatta,,,
PD_0563,Macaca_radiata,Cercopithecidae,Macaca_mulatta,,,
PD_0564,Macaca_radiata,Cercopithecidae,Macaca_mulatta,,,
PD_0565,Macaca_silenus,Cercopithecidae,Macaca_mulatta,,,
PD_0566,Macaca_silenus,Cercopithecidae,Macaca_mulatta,,,
PD_0567,Macaca_silenus,Cercopithecidae,Macaca_mulatta,,,
PD_0568,Macaca_silenus,Cercopithecidae,Macaca_mulatta,,,
PD_0569,Macaca_silenus,Cercopithecidae,Macaca_mulatta,,,
PD_0570,Macaca_silenus,Cercopithecidae,Macaca_mulatta,,,
PD_0571,Macaca_silenus,Cercopithecidae,Macaca_mulatta,,,
PD_0572,Macaca_silenus,Cercopithecidae,Macaca_mulatta,,,
PD_0573,Macaca_silenus,Cercopithecidae,Macaca_mulatta,,,
PD_0574,Macaca_silenus,Cercopithecidae,Macaca_mulatta,,,
PD_0575,Macaca_silenus,Cercopithecidae,Macaca_mulatta,,,
PD_0576,Macaca_silenus,Cercopithecidae,Macaca_mulatta,,,
PD_0577,Macaca_silenus,Cercopithecidae,Macaca_mulatta,,,
PD_0578,Nycticebus_bengalensis,Lorisidae,Nycticebus_pygmaeus,,,
PD_0579,Nycticebus_bengalensis,Lorisidae,Nycticebus_pygmaeus,,,
PD_0580,Nycticebus_bengalensis,Lorisidae,Nycticebus_pygmaeus,,,
PD_0581,Nycticebus_bengalensis,Lorisidae,Nycticebus_pygmaeus,,,
PD_0582,Semnopithecus_entellus,Cercopithecidae,Rhinopithecus_roxellana,,,
PD_0583,Semnopithecus_entellus,Cercopithecidae,Rhinopithecus_roxellana,,,
PD_0584,Semnopithecus_entellus,Cercopithecidae,Rhinopithecus_roxellana,,,
PD_0585,Semnopithecus_entellus,Cercopithecidae,Rhinopithecus_roxellana,,,
PD_0586,Semnopithecus_entellus,Cercopithecidae,Rhinopithecus_roxellana,,,
PD_0587,Semnopithecus_entellus,Cercopithecidae,Rhinopithecus_roxellana,,,
PD_0588,Semnopithecus_entellus,Cercopithecidae,Rhinopithecus_roxellana,,,
PD_0589,Semnopithecus_hypoleucos,Cercopithecidae,Rhinopithecus_roxellana,,,
PD_0590,Semnopithecus_hypoleucos,Cercopithecidae,Rhinopithecus_roxellana,,,
PD_0591,Semnopithecus_hypoleucos,Cercopithecidae,Rhinopithecus_roxellana,,,
PD_0592,Semnopithecus_hypoleucos,Cercopithecidae,Rhinopithecus_roxellana,,,
PD_0593,Semnopithecus_schistaceus,Cercopithecidae,Rhinopithecus_roxellana,,,
PD_0594,Semnopithecus_schistaceus,Cercopithecidae,Rhinopithecus_roxellana,,,
PD_0595,Trachypithecus_geei,Cercopithecidae,Rhinopithecus_roxellana,,,
PD_0596,Trachypithecus_geei,Cercopithecidae,Rhinopithecus_roxellana,,,
PD_0597,Trachypithecus_geei,Cercopithecidae,Rhinopithecus_roxellana,,,
PD_0598,Trachypithecus_geei,Cercopithecidae,Rhinopithecus_roxellana,,,
PD_0599,Trachypithecus_geei,Cercopithecidae,Rhinopithecus_roxellana,,,
PD_0600,Trachypithecus_geei,Cercopithecidae,Rhinopithecus_roxellana,,,
PD_0601,Semnopithecus_johnii,Cercopithecidae,Rhinopithecus_roxellana,,,
PD_0602,Trachypithecus_phayrei,Cercopithecidae,Rhinopithecus_roxellana,,,
PD_0603,Trachypithecus_pileatus,Cercopithecidae,Rhinopithecus_roxellana,,,
PD_0604,Varecia_rubra,Lemuridae,Lemur_catta,,,
PD_0605,Cheirogaleus_major,Cheirogaleidae,Microcebus_murinus,,,
PD_0606,Cheirogaleus_medius,Cheirogaleidae,Microcebus_murinus,,,
PD_0607,Microcebus_murinus,Cheirogaleidae,Microcebus_murinus,,,
PD_0608,Mirza_zaza,Cheirogaleidae,Microcebus_murinus,,,
PD_0609,Propithecus_coquereli,Indriidae,Propithecus_coquereli,,,
PD_0610,Eulemur_collaris,Lemuridae,Lemur_catta,,,
PD_0611,Eulemur_coronatus,Lemuridae,Lemur_catta,,,
PD_0612,Eulemur_flavifrons,Lemuridae,Lemur_catta,,,
PD_0613,Eulemur_fulvus,Lemuridae,Lemur_catta,,,
PD_0614,Eulemur_macaco,Lemuridae,Lemur_catta,,,
PD_0615,Eulemur_mongoz,Lemuridae,Lemur_catta,,,
PD_0616,Eulemur_rubriventer,Lemuridae,Lemur_catta,,,
PD_0617,Eulemur_rufus,Lemuridae,Lemur_catta,,,
PD_0618,Eulemur_sanfordi,Lemuridae,Lemur_catta,,,
PD_0619,Hapalemur_alaotrensis,Lemuridae,Lemur_catta,,,
PD_0620,Lemur_catta,Lemuridae,Lemur_catta,,,
PD_0621,Varecia_variegata,Lemuridae,Lemur_catta,,,
PD_0622,Galagoides_demidoff,Galagidae,Galago_moholi,,,
PD_0623,Otolemur_crassicaudatus,Galagidae,Otolemur_garnettii,,,
PD_0624,Otolemur_garnettii,Galagidae,Otolemur_garnettii,,,
PD_0625,Otolemur_crassicaudatus,Galagidae,Otolemur_garnettii,,,
PD_0626,Loris_tardigradus,Lorisidae,Loris_tardigradus,,,
PD_0627,Perodicticus_potto,Lorisidae,Nycticebus_pygmaeus,,,
PD_0628,Cephalopachus_bancanus,Tarsiidae,Carlito_syrichta,,,
PD_0629,Carlito_syrichta,Tarsiidae,Carlito_syrichta,,,
PD_0692,Papio_ursinus,Cercopithecidae,Macaca_mulatta,,,
PD_0693,Papio_ursinus,Cercopithecidae,Macaca_mulatta,,,
PD_0694,Papio_ursinus,Cercopithecidae,Macaca_mulatta,,,
PD_0695,Papio_ursinus,Cercopithecidae,Macaca_mulatta,,,
PD_0696,Papio_hamadryas,Cercopithecidae,Macaca_mulatta,,,
PD_0697,Papio_hamadryas,Cercopithecidae,Macaca_mulatta,,,
PD_0698,Papio_hamadryas,Cercopithecidae,Macaca_mulatta,,,
PD_0699,Papio_hamadryas,Cercopithecidae,Macaca_mulatta,,,
PD_0700,Papio_hamadryas,Cercopithecidae,Macaca_mulatta,,,
PD_0701,Papio_hamadryas,Cercopithecidae,Macaca_mulatta,,,
PD_0702,Papio_hamadryas,Cercopithecidae,Macaca_mulatta,,,
PD_0703,Papio_hamadryas,Cercopithecidae,Macaca_mulatta,,,
PD_0704,Papio_hamadryas,Cercopithecidae,Macaca_mulatta,,,
PD_0705,Papio_hamadryas,Cercopithecidae,Macaca_mulatta,,,
PD_0706,Papio_hamadryas,Cercopithecidae,Macaca_mulatta,,,
PD_0707,Papio_hamadryas,Cercopithecidae,Macaca_mulatta,,,
PD_0708,Papio_hamadryas,Cercopithecidae,Macaca_mulatta,,,
PD_0709,Papio_hamadryas,Cercopithecidae,Macaca_mulatta,,,
PD_0710,Papio_hamadryas,Cercopithecidae,Macaca_mulatta,,,
PD_0711,Papio_hamadryas,Cercopithecidae,Macaca_mulatta,,,
PD_0712,Papio_hamadryas,Cercopithecidae,Macaca_mulatta,,,
PD_0713,Papio_hamadryas,Cercopithecidae,Macaca_mulatta,,,
PD_0714,Papio_hamadryas,Cercopithecidae,Macaca_mulatta,,,
PD_0715,Papio_hamadryas,Cercopithecidae,Macaca_mulatta,,,
PD_0716,Papio_hamadryas,Cercopithecidae,Macaca_mulatta,,,
PD_0717,Papio_hamadryas,Cercopithecidae,Macaca_mulatta,,,
PD_0718,Papio_hamadryas,Cercopithecidae,Macaca_mulatta,,,
PD_0719,Papio_hamadryas,Cercopithecidae,Macaca_mulatta,,,
PD_0720,Papio_anubis,Cercopithecidae,Macaca_mulatta,,,
PD_0721,Papio_anubis,Cercopithecidae,Macaca_mulatta,,,
PD_0722,Papio_anubis,Cercopithecidae,Macaca_mulatta,,,
PD_0723,Papio_anubis,Cercopithecidae,Macaca_mulatta,,,
PD_0724,Papio_anubis,Cercopithecidae,Macaca_mulatta,,,
PD_0725,Papio_anubis,Cercopithecidae,Macaca_mulatta,,,
PD_0726,Papio_anubis,Cercopithecidae,Macaca_mulatta,,,
PD_0727,Papio_anubis,Cercopithecidae,Macaca_mulatta,,,
PD_0728,Papio_anubis,Cercopithecidae,Macaca_mulatta,,,
PD_0729,Papio_anubis,Cercopithecidae,Macaca_mulatta,,,
PD_0730,Papio_anubis,Cercopithecidae,Macaca_mulatta,,,
PD_0731,Papio_anubis,Cercopithecidae,Macaca_mulatta,,,
PD_0732,Papio_anubis,Cercopithecidae,Macaca_mulatta,,,
PD_0733,Papio_anubis,Cercopithecidae,Macaca_mulatta,,,
PD_0734,Papio_anubis,Cercopithecidae,Macaca_mulatta,,,
PD_0735,Papio_anubis,Cercopithecidae,Macaca_mulatta,,,
PD_0736,Papio_anubis,Cercopithecidae,Macaca_mulatta,,,
PD_0737,Papio_anubis,Cercopithecidae,Macaca_mulatta,,,
PD_0738,Papio_anubis,Cercopithecidae,Macaca_mulatta,,,
PD_0739,Papio_anubis,Cercopithecidae,Macaca_mulatta,,,
PD_0740,Papio_anubis,Cercopithecidae,Macaca_mulatta,,,
PD_0741,Papio_anubis,Cercopithecidae,Macaca_mulatta,,,
PD_0742,Papio_anubis,Cercopithecidae,Macaca_mulatta,,,
PD_0743,Papio_anubis,Cercopithecidae,Macaca_mulatta,,,
PD_0744,Papio_anubis,Cercopithecidae,Macaca_mulatta,,,
PD_0745,Papio_cynocephalus,Cercopithecidae,Macaca_mulatta,,,
PD_0746,Papio_cynocephalus,Cercopithecidae,Macaca_mulatta,,,
PD_0747,Papio_cynocephalus,Cercopithecidae,Macaca_mulatta,,,
PD_0748,Papio_cynocephalus,Cercopithecidae,Macaca_mulatta,,,
PD_0749,Papio_kindae,Cercopithecidae,Macaca_mulatta,,,
PD_0750,Papio_kindae,Cercopithecidae,Macaca_mulatta,,,
PD_0751,Papio_kindae,Cercopithecidae,Macaca_mulatta,,,
PD_0752,Papio_cynocephalus,Cercopithecidae,Macaca_mulatta,,,
PD_0753,Papio_cynocephalus,Cercopithecidae,Macaca_mulatta,,,
PD_0754,Papio_cynocephalus,Cercopithecidae,Macaca_mulatta,,,
PD_0755,Papio_cynocephalus,Cercopithecidae,Macaca_mulatta,,,
PD_0756,Papio_cynocephalus,Cercopithecidae,Macaca_mulatta,,,
PD_0757,Papio_cynocephalus,Cercopithecidae,Macaca_mulatta,,,
PD_0758,Papio_kindae,Cercopithecidae,Macaca_mulatta,,,
PD_0759,Papio_kindae,Cercopithecidae,Macaca_mulatta,,,
PD_0760,Papio_kindae,Cercopithecidae,Macaca_mulatta,,,
PD_0761,Papio_cynocephalus,Cercopithecidae,Macaca_mulatta,,,
PD_0762,Papio_cynocephalus,Cercopithecidae,Macaca_mulatta,,,
PD_0763,Papio_cynocephalus,Cercopithecidae,Macaca_mulatta,,,
PD_0764,Papio_cynocephalus,Cercopithecidae,Macaca_mulatta,,,
PD_0765,Papio_cynocephalus,Cercopithecidae,Macaca_mulatta,,,
PD_0766,Papio_cynocephalus,Cercopithecidae,Macaca_mulatta,,,
PD_0767,Papio_cynocephalus,Cercopithecidae,Macaca_mulatta,,,
PD_0768,Papio_cynocephalus,Cercopithecidae,Macaca_mulatta,,,
PD_0769,Papio_cynocephalus,Cercopithecidae,Macaca_mulatta,,,
PD_0770,Papio_cynocephalus,Cercopithecidae,Macaca_mulatta,,,
PD_0771,Papio_cynocephalus,Cercopithecidae,Macaca_mulatta,,,
PD_0772,Papio_cynocephalus,Cercopithecidae,Macaca_mulatta,,,
PD_0773,Papio_cynocephalus,Cercopithecidae,Macaca_mulatta,,,
PD_0774,Papio_cynocephalus,Cercopithecidae,Macaca_mulatta,,,
PD_0775,Papio_cynocephalus,Cercopithecidae,Macaca_mulatta,,,
PD_0776,Papio_kindae,Cercopithecidae,Macaca_mulatta,,,
PD_0777,Papio_kindae,Cercopithecidae,Macaca_mulatta,,,
PD_0778,Papio_kindae,Cercopithecidae,Macaca_mulatta,,,
PD_0779,Papio_kindae,Cercopithecidae,Macaca_mulatta,,,
PD_0780,Papio_kindae,Cercopithecidae,Macaca_mulatta,,,
PD_0781,Papio_kindae,Cercopithecidae,Macaca_mulatta,,,
PD_0782,Papio_kindae,Cercopithecidae,Macaca_mulatta,,,
PD_0783,Papio_kindae,Cercopithecidae,Macaca_mulatta,,,
PD_0784,Papio_kindae,Cercopithecidae,Macaca_mulatta,,,
PD_0785,Papio_kindae,Cercopithecidae,Macaca_mulatta,,,
PD_0786,Papio_kindae,Cercopithecidae,Macaca_mulatta,,,
PD_0787,Papio_kindae,Cercopithecidae,Macaca_mulatta,,,
PD_0788,Papio_kindae,Cercopithecidae,Macaca_mulatta,,,
PD_0789,Papio_kindae,Cercopithecidae,Macaca_mulatta,,,
PD_0790,Papio_kindae,Cercopithecidae,Macaca_mulatta,,,
PD_0791,Papio_kindae,Cercopithecidae,Macaca_mulatta,,,
PD_0792,Papio_kindae,Cercopithecidae,Macaca_mulatta,,,
PD_0793,Papio_kindae,Cercopithecidae,Macaca_mulatta,,,
PD_0794,Aotus_vociferans,Aotidae,Aotus_nancymaae,,,
PD_0794_BAB,Papio_kindae,Cercopithecidae,Macaca_mulatta,,,
PD_0795,Aotus_vociferans,Aotidae,Aotus_nancymaae,,,
PD_0796,Aotus_vociferans,Aotidae,Aotus_nancymaae,,,
PD_0797,Aotus_vociferans,Aotidae,Aotus_nancymaae,,,
PD_0798,Aotus_azarae,Aotidae,Aotus_nancymaae,,,
PD_0799,Aotus_azarae,Aotidae,Aotus_nancymaae,,,
PD_0800,Aotus_azarae,Aotidae,Aotus_nancymaae,,,
PD_0801,Aotus_azarae,Aotidae,Aotus_nancymaae,,,
PD_0802,Aotus_griseimembra,Aotidae,Aotus_nancymaae,,,
PD_0803,Aotus_griseimembra,Aotidae,Aotus_nancymaae,,,
PD_0804,Aotus_griseimembra,Aotidae,Aotus_nancymaae,,,
PD_0805,Aotus_griseimembra,Aotidae,Aotus_nancymaae,,,
PD_0806,Aotus_azarae,Aotidae,Aotus_nancymaae,,,
PD_0807,Aotus_azarae,Aotidae,Aotus_nancymaae,,,
PD_0808,Aotus_azarae,Aotidae,Aotus_nancymaae,,,
PD_0809,Aotus_azarae,Aotidae,Aotus_nancymaae,,,
PD_0810,Aotus_azarae,Aotidae,Aotus_nancymaae,,,
PD_0811,Aotus_azarae,Aotidae,Aotus_nancymaae,,,
PD_0812,Aotus_azarae,Aotidae,Aotus_nancymaae,,,
PD_0813,Aotus_azarae,Aotidae,Aotus_nancymaae,,,
PD_0814,Aotus_azarae,Aotidae,Aotus_nancymaae,,,
PD_0815,Aotus_azarae,Aotidae,Aotus_nancymaae,,,
PD_0816,Macaca_fascicularis,Cercopithecidae,Macaca_mulatta,,,
PD_0817,Macaca_fascicularis,Cercopithecidae,Macaca_mulatta,,,
PD_0818,Macaca_fascicularis,Cercopithecidae,Macaca_mulatta,,,
PD_0819,Macaca_fascicularis,Cercopithecidae,Macaca_mulatta,,,
PD_0820,Macaca_fascicularis,Cercopithecidae,Macaca_mulatta,,,
PD_0821,Macaca_fascicularis,Cercopithecidae,Macaca_mulatta,,,
PD_0822,Macaca_fascicularis,Cercopithecidae,Macaca_mulatta,,,
PD_0823,Macaca_fascicularis,Cercopithecidae,Macaca_mulatta,,,
PD_0824,Macaca_fascicularis,Cercopithecidae,Macaca_mulatta,,,
PD_0825,Macaca_fascicularis,Cercopithecidae,Macaca_mulatta,,,
PD_0826,Macaca_fascicularis,Cercopithecidae,Macaca_mulatta,,,
PD_0827,Macaca_fascicularis,Cercopithecidae,Macaca_mulatta,,,
PD_0828,Macaca_fascicularis,Cercopithecidae,Macaca_mulatta,,,
PD_0829,Macaca_fascicularis,Cercopithecidae,Macaca_mulatta,,,
PD_0830,Macaca_fascicularis,Cercopithecidae,Macaca_mulatta,,,
PD_0831,Macaca_fascicularis,Cercopithecidae,Macaca_mulatta,,,
PD_0832,Macaca_fascicularis,Cercopithecidae,Macaca_mulatta,,,
PD_0833,Macaca_fascicularis,Cercopithecidae,Macaca_mulatta,,,
PD_0834,Macaca_fascicularis,Cercopithecidae,Macaca_mulatta,,,
PD_0835,Macaca_fascicularis,Cercopithecidae,Macaca_mulatta,,,
PD_0836,Macaca_fascicularis,Cercopithecidae,Macaca_mulatta,,,
PD_0837,Macaca_fascicularis,Cercopithecidae,Macaca_mulatta,,,
PD_0838,Macaca_fascicularis,Cercopithecidae,Macaca_mulatta,,,
PD_0839,Nycticebus_bengalensis,Lorisidae,Nycticebus_pygmaeus,,,
PD_0840,Leontopithecus_chrysomelas,Callitrichidae,Callithrix_jacchus,,,
PD_0841,Leontopithecus_chrysomelas,Callitrichidae,Callithrix_jacchus,,,
PD_0842,Nycticebus_bengalensis,Lorisidae,Nycticebus_pygmaeus,,,
PD_0843,Semnopithecus_vetulus,Cercopithecidae,Rhinopithecus_roxellana,,,
PD_0844,Leontopithecus_chrysomelas,Callitrichidae,Callithrix_jacchus,,,
PD_0845,Nycticebus_bengalensis,Lorisidae,Nycticebus_pygmaeus,,,
PD_0846,Nycticebus_bengalensis,Lorisidae,Nycticebus_pygmaeus,,,
PD_0847,Semnopithecus_vetulus,Cercopithecidae,Rhinopithecus_roxellana,,,
PD_0848,Rhinopithecus_roxellana,Cercopithecidae,Rhinopithecus_roxellana,,,
PD_0849,Trachypithecus_laotum,Cercopithecidae,Rhinopithecus_roxellana,,,
PD_0850,Trachypithecus_melamera,Cercopithecidae,Rhinopithecus_roxellana,,,
PD_0851,Trachypithecus_leucocephalus,Cercopithecidae,Rhinopithecus_roxellana,,,
PD_0852,Trachypithecus_hatinhensis,Cercopithecidae,Rhinopithecus_roxellana,,,
PD_0853,Trachypithecus_germaini,Cercopithecidae,Rhinopithecus_roxellana,,,
PD_0854,Indri_indri,Indriidae,Propithecus_coquereli,,,
PD_0855,Nycticebus_coucang,Lorisidae,Nycticebus_pygmaeus,,,
PD_0856,Macaca_nigra,Cercopithecidae,Macaca_mulatta,,,
PD_0857,Macaca_tonkeana,Cercopithecidae,Macaca_mulatta,,,
PD_0858,Macaca_nemestrina,Cercopithecidae,Macaca_mulatta,,,
SAMN04316321,Macaca_assamensis,Cercopithecidae,Macaca_mulatta,,,
PD_0860,Macaca_arctoides,Cercopithecidae,Macaca_mulatta,,,
PD_0861,Callithrix_jacchus,Callitrichidae,Callithrix_jacchus,,,
PD_0863,Callithrix_geoffroyi,Callitrichidae,Callithrix_jacchus,,,
PD_0865,Callithrix_kuhlii,Callitrichidae,Callithrix_jacchus,,,
PD_0867,Macaca_nemestrina,Cercopithecidae,Macaca_mulatta,,,
PD_0870,Macaca_nemestrina,Cercopithecidae,Macaca_mulatta,,,
PD_0872,Macaca_nemestrina,Cercopithecidae,Macaca_mulatta,,,
PD_0874,Macaca_nemestrina,Cercopithecidae,Macaca_mulatta,,,
PD_0876,Mandrillus_leucophaeus,Cercopithecidae,Mandrillus_sphinx,,,
PD_0879,Colobus_angolensis,Cercopithecidae,Colobus_guereza,,,
PD_0881,Rhinopithecus_bieti,Cercopithecidae,Rhinopithecus_roxellana,,,
PD_0883,Macaca_thibetana,Cercopithecidae,Macaca_mulatta,,,
SAMEA80831668,Nomascus_leucogenys,Hylobatidae,Nomascus_siki,,,SAMN02390221 PD_0883
SAMD00215312,Macaca_cyclopis,Cercopithecidae,Macaca_mulatta,,,SAMN02786331 PD_0881
SAMD00215311,Macaca_fuscata,Cercopithecidae,Macaca_mulatta,,,SAMN02922335 PD_0874
SAMN01920473,Gorilla_beringei,Hominidae,Gorilla_gorilla,,,SAMN02922336 PD_0872
SAMN01920474,Gorilla_beringei,Hominidae,Gorilla_gorilla,,,SAMN02922340 PD_0870
SAMN01920475,Gorilla_beringei,Hominidae,Gorilla_gorilla,,,SAMN03121813 PD_0876
SAMN01920476,Gorilla_gorilla,Hominidae,Gorilla_gorilla,,,SAMN03121814 PD_0879
SAMN01920477,Gorilla_gorilla,Hominidae,Gorilla_gorilla,,,SAMN03121842 PD_0867
SAMN01920478,Gorilla_gorilla,Hominidae,Gorilla_gorilla,,,SAMN03275522 PD_0865
SAMN01920479,Gorilla_gorilla,Hominidae,Gorilla_gorilla,,,SAMN03275523 PD_0863
SAMN01920480,Gorilla_gorilla,Hominidae,Gorilla_gorilla,,,SAMN03275524 PD_0861
SAMN01920481,Gorilla_gorilla,Hominidae,Gorilla_gorilla,,,SAMN04316319 PD_0860
SAMN01920482,Gorilla_gorilla,Hominidae,Gorilla_gorilla,,,SAMN07503410 PD_0858
SAMN01920483,Gorilla_gorilla,Hominidae,Gorilla_gorilla,,,SAMN07503429 PD_0857
SAMN01920484,Gorilla_gorilla,Hominidae,Gorilla_gorilla,,,SAMN07503430 PD_0856
SAMN01920485,Gorilla_gorilla,Hominidae,Gorilla_gorilla,,,SAMN07678091 PD_0854
SAMN01920486,Gorilla_gorilla,Hominidae,Gorilla_gorilla,,,SAMN07678100 PD_0855
SAMN01920487,Gorilla_gorilla,Hominidae,Gorilla_gorilla,,,SAMN09935379 PD_0853
SAMN01920488,Gorilla_gorilla,Hominidae,Gorilla_gorilla,,,SAMN09935380 PD_0852
SAMN01920489,Gorilla_gorilla,Hominidae,Gorilla_gorilla,,,SAMN09935392 PD_0851
SAMN01920490,Gorilla_gorilla,Hominidae,Gorilla_gorilla,,,SAMN10030725 PD_0850
SAMN01920491,Gorilla_gorilla,Hominidae,Gorilla_gorilla,,,SAMN11039125 PD_0848
SAMN01920492,Gorilla_gorilla,Hominidae,Gorilla_gorilla,,,SAMN12631734 PD_0849
SAMN01920493,Gorilla_gorilla,Hominidae,Gorilla_gorilla,,,
SAMN01920494,Gorilla_gorilla,Hominidae,Gorilla_gorilla,,,
SAMN01920495,Gorilla_gorilla,Hominidae,Gorilla_gorilla,,,
SAMN01920496,Gorilla_gorilla,Hominidae,Gorilla_gorilla,,,
SAMN01920497,Gorilla_gorilla,Hominidae,Gorilla_gorilla,,,
SAMN01920498,Gorilla_gorilla,Hominidae,Gorilla_gorilla,,,
SAMN01920499,Gorilla_gorilla,Hominidae,Gorilla_gorilla,,,
SAMN01920500,Gorilla_gorilla,Hominidae,Gorilla_gorilla,,,
SAMN01920501,Gorilla_gorilla,Hominidae,Gorilla_gorilla,,,
SAMN01920502,Gorilla_gorilla,Hominidae,Gorilla_gorilla,,,
SAMN01920503,Gorilla_gorilla,Hominidae,Gorilla_gorilla,,,
SAMN01920504,Pan_paniscus,Hominidae,Pan_troglodytes,,,
SAMN01920505,Pan_paniscus,Hominidae,Pan_troglodytes,,,
SAMN01920506,Pan_paniscus,Hominidae,Pan_troglodytes,,,
SAMN01920507,Pan_paniscus,Hominidae,Pan_troglodytes,,,
SAMN01920508,Pan_paniscus,Hominidae,Pan_troglodytes,,,
SAMN01920509,Pan_paniscus,Hominidae,Pan_troglodytes,,,
SAMN01920510,Pan_paniscus,Hominidae,Pan_troglodytes,,,
SAMN01920511,Pan_paniscus,Hominidae,Pan_troglodytes,,,
SAMN01920512,Pan_paniscus,Hominidae,Pan_troglodytes,,,
SAMN01920513,Pan_paniscus,Hominidae,Pan_troglodytes,,,
SAMN01920514,Pan_paniscus,Hominidae,Pan_troglodytes,,,
SAMN01920515,Pan_paniscus,Hominidae,Pan_troglodytes,,,
SAMN01920516,Pan_paniscus,Hominidae,Pan_troglodytes,,,
SAMN01920517,Pan_troglodytes,Hominidae,Pan_troglodytes,,,
SAMN01920518,Pan_troglodytes,Hominidae,Pan_troglodytes,,,
SAMN01920519,Pan_troglodytes,Hominidae,Pan_troglodytes,,,
SAMN01920520,Pan_troglodytes,Hominidae,Pan_troglodytes,,,
SAMN01920521,Pan_troglodytes,Hominidae,Pan_troglodytes,,,
SAMN01920522,Pan_troglodytes,Hominidae,Pan_troglodytes,,,
SAMN01920523,Pan_troglodytes,Hominidae,Pan_troglodytes,,,
SAMN01920524,Pan_troglodytes,Hominidae,Pan_troglodytes,,,
SAMN01920525,Pan_troglodytes,Hominidae,Pan_troglodytes,,,
SAMN01920526,Pan_troglodytes,Hominidae,Pan_troglodytes,,,
SAMN01920527,Pan_troglodytes,Hominidae,Pan_troglodytes,,,
SAMN01920528,Pan_troglodytes,Hominidae,Pan_troglodytes,,,
SAMN01920529,Pan_troglodytes,Hominidae,Pan_troglodytes,,,
SAMN01920530,Pan_troglodytes,Hominidae,Pan_troglodytes,,,
SAMN01920531,Pan_troglodytes,Hominidae,Pan_troglodytes,,,
SAMN01920532,Pan_troglodytes,Hominidae,Pan_troglodytes,,,
SAMN01920533,Pan_troglodytes,Hominidae,Pan_troglodytes,,,
SAMN01920534,Pan_troglodytes,Hominidae,Pan_troglodytes,,,
SAMN01920535,Pan_troglodytes,Hominidae,Pan_troglodytes,,,
SAMN01920536,Pan_troglodytes,Hominidae,Pan_troglodytes,,,
SAMN01920537,Pan_troglodytes,Hominidae,Pan_troglodytes,,,
SAMN01920538,Pan_troglodytes,Hominidae,Pan_troglodytes,,,
SAMN01920539,Pan_troglodytes,Hominidae,Pan_troglodytes,,,
SAMN01920540,Pan_troglodytes,Hominidae,Pan_troglodytes,,,
SAMN01920541,Pan_troglodytes,Hominidae,Pan_troglodytes,,,
SAMN01920542,Pongo_abelii,Hominidae,Pongo_abelii,,,
SAMN01920543,Pongo_abelii,Hominidae,Pongo_abelii,,,
SAMN01920544,Pongo_abelii,Hominidae,Pongo_abelii,,,
SAMN01920545,Pongo_abelii,Hominidae,Pongo_abelii,,,
SAMN01920546,Pongo_abelii,Hominidae,Pongo_abelii,,,
SAMN01920547,Pongo_pygmaeus,Hominidae,Pongo_pygmaeus,,,
SAMN01920548,Pongo_pygmaeus,Hominidae,Pongo_pygmaeus,,,
SAMN01920549,Pongo_pygmaeus,Hominidae,Pongo_pygmaeus,,,
SAMN01920550,Pongo_pygmaeus,Hominidae,Pongo_pygmaeus,,,
SAMN01920551,Pongo_pygmaeus,Hominidae,Pongo_pygmaeus,,,